{
  "norm_stats": {
    "state": {
      "mean": [
        0.4987584352493286,
        -0.03160914033651352,
        0.09455034881830215,
        -2.0988054275512695,
        -0.46359047293663025,
        3.006824493408203,
        0.015494818799197674,
        -0.015494818799197674
      ],
      "std": [
        0.16850315034389496,
        0.11529314517974854,
        0.14401647448539734,
        2.4281554222106934,
        0.2408844381570816,
        0.16894812881946564,
        0.000013214498721936252,
        0.000013214498721936252
      ],
      "q01": [
        0.2073707387417555,
        -0.42673763528466224,
        -0.15305378377437592,
        -3.741058072948456,
        -0.8784373094558716,
        2.5374014991760254,
        0.015472412109375,
        -0.0155181884765625
      ],
      "q99": [
        0.8314435279309749,
        0.27855755212306976,
        0.33707584345340724,
        3.616031878376007,
        0.167403652369976,
        3.3859737304687503,
        0.0155181884765625,
        -0.015472412109375
      ]
    },
    "actions": {
      "mean": [
        -0.00044988514855504036,
        -0.00007628210005350411,
        -0.00009646748367231339,
        0.0001822738558985293,
        -0.0008043356938287616,
        -0.00017384087550453842,
        1.0
      ],
      "std": [
        0.010539405979216099,
        0.006219351664185524,
        0.00963263213634491,
        0.009378014132380486,
        0.014251270331442356,
        0.009138972498476505,
        0.0
      ],
      "q01": [
        -0.02320222110748291,
        -0.018508405726403,
        -0.017208013731241225,
        -0.024388476350903514,
        -0.04183541058003902,
        -0.026902723018825056,
        1.0
      ],
      "q99": [
        0.022947905254364007,
        0.020953523728996518,
        0.025503237932920454,
        0.02994851243793964,
        0.03222164869308472,
        0.03102456631883979,
        1.0
      ]
    }
  }
}