{
  "norm_stats": {
    "state": {
      "mean": [
        -0.14432156085968018,
        0.5412195920944214,
        0.08523528277873993,
        2.169931411743164,
        -0.5108242034912109,
        -0.22710154950618744,
        0.769800066947937,
        0.4506458342075348
      ],
      "std": [
        0.32394444942474365,
        0.4835003614425659,
        0.4012931287288666,
        0.5347163677215576,
        0.5707948803901672,
        0.2221166044473648,
        0.5531311631202698,
        0.251106858253479
      ],
      "q01": [
        -0.9670955242514611,
        -0.20519353803694249,
        -1.2161824791669846,
        1.137596673488617,
        -1.6223827190518378,
        -0.6853761717319489,
        -0.030067215351760386,
        -0.20941619300842285
      ],
      "q99": [
        0.4902675476670264,
        1.4486139154106379,
        0.789985003244877,
        2.930209775447845,
        0.45091760277748083,
        0.3237582647085189,
        1.8700603134423495,
        0.7500064022064208
      ]
    },
    "actions": {
      "mean": [
        -0.14443768560886383,
        0.5421348214149475,
        0.08573903143405914,
        2.1687581539154053,
        -0.5121780633926392,
        -0.22873824834823608,
        0.7705925703048706,
        0.024387655779719353
      ],
      "std": [
        0.324959933757782,
        0.48309817910194397,
        0.40224581956863403,
        0.535735547542572,
        0.5710912942886353,
        0.22570811212062836,
        0.5530686378479004,
        0.10746848583221436
      ],
      "q01": [
        -0.9677424521207809,
        -0.20581436785757543,
        -1.2170544208168983,
        1.1322363963365554,
        -1.6476710237026215,
        -0.6910445104598999,
        -0.03088522635102272,
        -0.30000001192092896
      ],
      "q99": [
        0.4909920735001565,
        1.4562111176103354,
        0.7867528686285019,
        2.928857534003258,
        0.4753848586320877,
        0.33570279605388653,
        1.904719571363926,
        0.29988001191616065
      ]
    }
  }
}