{
  "norm_stats": {
    "state": {
      "mean": [
        0.5197466611862183,
        -0.0481046698987484,
        0.19809044897556305,
        -0.8150258660316467,
        -0.7009549140930176,
        0.8343133330345154,
        0.33045652508735657,
        0.0
      ],
      "std": [
        0.14238569140434265,
        0.19952212274074554,
        0.11778946965932846,
        2.7622294425964355,
        0.21743741631507874,
        2.7467682361602783,
        0.2210199385881424,
        0.0
      ],
      "q01": [
        0.2577831745147705,
        -0.5908282495498657,
        -0.021415968470275402,
        -3.141066312789917,
        -1.0543340483382344,
        -3.138716463756561,
        0.036737389424815775,
        0.0
      ],
      "q99": [
        0.833190834403038,
        0.38403861432075503,
        0.36795247333124276,
        3.1387579410552977,
        -0.0561952409937978,
        3.117216152811051,
        0.6842868302740156,
        0.0
      ]
    },
    "actions": {
      "mean": [
        -0.0001601340773049742,
        -0.0000631457514828071,
        -0.00025805048062466085,
        0.00004460239506443031,
        -0.0011384607059881091,
        0.00004258505941834301,
        -1.0
      ],
      "std": [
        0.009268660098314285,
        0.008238229900598526,
        0.007955314591526985,
        0.013413696549832821,
        0.015083236619830132,
        0.014396429061889648,
        0.0
      ],
      "q01": [
        -0.01916062641888857,
        -0.017221470287442208,
        -0.015216457391157748,
        -0.05319642593562603,
        -0.06452280537933111,
        -0.042382385310530665,
        -1.0
      ],
      "q99": [
        0.022678140308707948,
        0.02644766505435109,
        0.020753263297677037,
        0.03593200543373823,
        0.03260931272357702,
        0.03251401357352733,
        -1.0
      ]
    }
  }
}