{
  "norm_stats": {
    "state": {
      "mean": [
        0.5064107775688171,
        -0.030276790261268616,
        0.08671633154153824,
        -0.6103291511535645,
        -0.4515479505062103,
        1.67238187789917,
        0.015495164319872856,
        0.0
      ],
      "std": [
        0.16400091350078583,
        0.11819954961538315,
        0.13985690474510193,
        2.9051034450531006,
        0.23733775317668915,
        2.457667827606201,
        0.000014273290616984013,
        0.0
      ],
      "q01": [
        0.20692695378959178,
        -0.43110788995027544,
        -0.1490057624876499,
        -3.137366216468811,
        -0.8784373094558716,
        -3.1276603088378905,
        0.015472412109375,
        0.0
      ],
      "q99": [
        0.8300793418109417,
        0.2851695515990258,
        0.33881369361281394,
        3.136298551940918,
        0.17027138755321514,
        3.1312725545883184,
        0.015533432006835938,
        0.0
      ]
    },
    "actions": {
      "mean": [
        -0.0003370597551111132,
        -0.000054630738304695114,
        0.00010167354048462585,
        0.0003106716612819582,
        -0.0004340770246926695,
        -0.0001320153969572857,
        1.0
      ],
      "std": [
        0.01122494786977768,
        0.006507467478513718,
        0.010019044391810894,
        0.009761583060026169,
        0.014880677685141563,
        0.009589907713234425,
        0.0
      ],
      "q01": [
        -0.023231301212310793,
        -0.018967265371233222,
        -0.01766211270093918,
        -0.025034817604720594,
        -0.043094008281826975,
        -0.027544148959964515,
        1.0
      ],
      "q99": [
        0.023122385883331292,
        0.020953523728996518,
        0.026048156696557995,
        0.03201537030637264,
        0.0323972798615694,
        0.030953014697879547,
        1.0
      ]
    }
  }
}