{
  "norm_stats": {
    "state": {
      "mean": [
        -0.1443140453579798,
        0.5410939538966771,
        0.08524593634118632,
        2.1700379255411892,
        -0.5107911861900855,
        -0.22711565879174514,
        0.7697681443468531,
        0.45065521663999236
      ],
      "std": [
        0.32391774446287114,
        0.48355655025186367,
        0.4012599670072678,
        0.5347310153371461,
        0.5707526619144531,
        0.22210041255624924,
        0.553090617825127,
        0.25108640830039913
      ],
      "q01": [
        -0.9668096532409715,
        -0.20274936299662583,
        -1.2160972392134148,
        1.1393216196246188,
        -1.6210160112279859,
        -0.6833457425687512,
        -0.029796009945534895,
        -0.20723677396774293
      ],
      "q99": [
        0.49272047280520287,
        1.4504399226763647,
        0.7914266244236837,
        2.9320951929651535,
        0.45243577271067503,
        0.3234327327199719,
        1.8718798700514327,
        0.7505833363533021
      ]
    },
    "actions": {
      "mean": [
        -5.951404904865906e-06,
        0.00019482355456425772,
        0.0001398740457341759,
        9.553527707589189e-05,
        -8.567380483423354e-06,
        -0.0004387006702143631,
        0.00021507646543884743,
        0.00011998071776674034
      ],
      "std": [
        0.003057670871771702,
        0.00777588304510256,
        0.004930596893307046,
        0.00961604173459161,
        0.004271595152343095,
        0.005411868316884994,
        0.005697372738827576,
        0.09152571495382314
      ],
      "q01": [
        -0.010111490026812863,
        -0.02180153225968438,
        -0.014262906020393073,
        -0.020282634862043736,
        -0.013746523709995632,
        -0.02181178352259048,
        -0.018067683961801067,
        -0.21605570763349533
      ],
      "q99": [
        0.012390547197385868,
        0.014847033519562168,
        0.016101073953305955,
        0.029218072951477502,
        0.013576520684534313,
        0.014390953783257037,
        0.022598732370760266,
        0.2143009215593346
      ]
    }
  }
}