{
    "norm_stats": {
        "state": {
            "mean": [
                0.0025167648551106606,
                0.20561054953875005,
                -0.07308801323588696,
                2.083359115149822,
                -0.11073404661519133,
                0.0782843412922132,
                -0.174153369064272,
                0.0
            ],
            "std": [
                0.6072829540211759,
                1.1276647957775523,
                0.6017362933022283,
                0.6909354685881651,
                0.5586360724469851,
                0.43067523747432246,
                0.05060822512533942,
                1.0
            ],
            "q01": [
                -1.6143431194948024,
                -1.9986004909491273,
                -1.9359215211367027,
                0.1856116753341626,
                -1.728733091007411,
                -1.0465109498301988,
                -0.2508002078518989,
                -1.0
            ],
            "q99": [
                1.4216714802011565,
                1.5842709226360936,
                1.2865031761336416,
                3.0263012142069545,
                1.2172691050094977,
                1.2165100217330203,
                -0.08373706243314118,
                1.0
            ]
        },
        "actions": {
            "mean": [
                -1.096876698944135e-05,
                5.094702290869951e-07,
                -1.2393127027490288e-06,
                -3.0668759559642374e-05,
                -2.1970976116342528e-05,
                5.401471333249343e-06,
                -1.0728691802521901e-05,
                0.0
            ],
            "std": [
                0.008291996908047808,
                0.009325592670230025,
                0.014613475569139571,
                0.01627514382181952,
                0.017880821110933916,
                0.01674219402957013,
                0.0011269838625231848,
                0.01
            ],
            "q01": [
                -0.023813225564319973,
                -0.024109290967122998,
                -0.04479108958115119,
                -0.039798279330144126,
                -0.05218697525796512,
                -0.046442454420857385,
                -0.002465876685147722,
                -0.01
            ],
            "q99": [
                0.02300971181828465,
                0.020932728981589932,
                0.03690019498080573,
                0.04440022169380109,
                0.04625663716046913,
                0.05187069055943203,
                0.002979600994553494,
                0.01
            ]
        }
    }
}