{
  "norm_stats": {
    "state": {
      "mean": [
        0.0025167648551106606,
        0.20561054953875005,
        -0.07308801323588696,
        2.083359115149822,
        -0.11073404661519133,
        0.0782843412922132,
        -0.174153369064272,
        0.0
      ],
      "std": [
        0.6072829540211759,
        1.1276647957775523,
        0.6017362933022283,
        0.6909354685881651,
        0.5586360724469851,
        0.43067523747432246,
        0.05060822512533942,
        1.0
      ],
      "q01": [
        -1.6143431194948024,
        -1.9986004909491273,
        -1.9359215211367027,
        0.1856116753341626,
        -1.728733091007411,
        -1.0465109498301988,
        -0.2508002078518989,
        -1.0
      ],
      "q99": [
        1.4216714802011565,
        1.5842709226360936,
        1.2865031761336416,
        3.0263012142069545,
        1.2172691050094977,
        1.2165100217330203,
        -0.08373706243314118,
        1.0
      ]
    },
    "actions": {
      "mean": [
        -2.743144416657642e-05,
        1.27364578810953e-06,
        -3.1001928684012255e-06,
        -7.666431951498142e-05,
        -5.49422736242173e-05,
        1.3496302155652515e-05,
        -2.6828825557291397e-05,
        0.0
      ],
      "std": [
        0.020706374541855907,
        0.023279985171968234,
        0.036467873210419305,
        0.04060495436037042,
        0.0442213052571857,
        0.04138055435653582,
        0.0025121009965243706,
        0.01
      ],
      "q01": [
        -0.05946001720661486,
        -0.06008317670072434,
        -0.11191386700235528,
        -0.09908237572417991,
        -0.12841158760444757,
        -0.11330899324949091,
        -0.0068839057460373665,
        -0.01
      ],
      "q99": [
        0.05726861608106388,
        0.05237254760763539,
        0.09172594821557581,
        0.11078750134729631,
        0.11343946068763537,
        0.12698830646104844,
        0.0073976300554431385,
        0.01
      ]
    }
  }
}