{
  "norm_stats": {
    "state": {
      "mean": [
        -0.04651923477649689,
        0.0344090573489666,
        0.7645514011383057,
        2.972278594970703,
        -0.22047118842601776,
        -0.1255793273448944,
        0.02691420540213585,
        -0.02719055861234665
      ],
      "std": [
        0.10494329035282135,
        0.1517655998468399,
        0.37852993607521057,
        0.34392058849334717,
        0.9069342613220215,
        0.32539477944374084,
        0.014175386168062687,
        0.014057610183954239
      ],
      "q01": [
        -0.3995051383972168,
        -0.2693082094192505,
        0.038001593202352524,
        1.5003631114959717,
        -2.7426106929779053,
        -1.0871341228485107,
        0.0017352000577375293,
        -0.0401744544506073
      ],
      "q99": [
        0.13490423560142517,
        0.3355197310447693,
        1.2660704851150513,
        3.2705323696136475,
        2.395353317260742,
        0.5952153205871582,
        0.04029460251331329,
        -0.0017878375947475433
      ]
    },
    "actions": {
      "mean": [
        0.10167444497346878,
        0.05328613519668579,
        -0.8518946766853333,
        -2.971644163131714,
        0.22594469785690308,
        0.12003830820322037,
        -0.04562551528215408
      ],
      "std": [
        0.3708985149860382,
        0.4055241048336029,
        0.6230272054672241,
        0.34860000014305115,
        0.9093614816665649,
        0.34489962458610535,
        0.9989585876464844
      ],
      "q01": [
        -0.7262377738952637,
        -0.8670859336853027,
        -2.0697569847106934,
        -3.306384325027466,
        -2.4249749183654785,
        -0.6177253127098083,
        -1.0
      ],
      "q99": [
        1.0788931846618652,
        0.9648047685623169,
        0.7914943695068359,
        -1.4915390014648438,
        2.721691131591797,
        1.1310447454452515,
        0.9995999336242676
      ]
    }
  }
}
