{
  "norm_stats": {
    "state": {
      "mean": [
        -0.0779879093170166,
        -0.015996254980564117,
        0.24057231843471527,
        -0.004597455728799105,
        -0.48362165689468384,
        0.03344639390707016,
        0.011410921812057495,
        -0.011410921812057495
      ],
      "std": [
        0.12246523797512054,
        0.04302830994129181,
        0.11483548581600189,
        0.3507191836833954,
        0.3187112510204315,
        0.1219559907913208,
        0.0042028529569506645,
        0.0042028529569506645
      ],
      "q01": [
        -0.24680703358352185,
        -0.1280511774122715,
        0.012423209386318922,
        -1.01444551050663,
        -1.0844979828596115,
        -0.29639827498793603,
        0.004926025390625,
        -0.01544515380859375
      ],
      "q99": [
        0.18281876961886878,
        0.06000901237130163,
        0.41608102960586546,
        1.2807707931280135,
        0.11313451126217844,
        0.42914381968379023,
        0.01540322265625,
        -0.004928820800781249
      ]
    },
    "actions": {
      "mean": [
        0.003953572828322649,
        -0.0003931429237127304,
        0.004089263267815113,
        -0.0004023413930553943,
        -0.01019814983010292,
        0.0008507695165462792,
        1.0
      ],
      "std": [
        0.0037001364398747683,
        0.001715781632810831,
        0.004415336064994335,
        0.016228951513767242,
        0.01853398233652115,
        0.007988731376826763,
        0.0
      ],
      "q01": [
        -0.0035670980028808122,
        -0.007167492043226957,
        -0.002220666955783963,
        -0.04691144010424614,
        -0.06365886233747006,
        -0.025408600080758334,
        1.0
      ],
      "q99": [
        0.013746557892300185,
        0.003670021083578468,
        0.017147956048883497,
        0.055947503939270976,
        0.03988413900136947,
        0.025989011790603395,
        1.0
      ]
    }
  }
}