{
  "norm_stats": {
    "state": {
      "mean": [
        0.01392064057290554,
        -0.7013742327690125,
        -0.029525598511099815,
        2.6809444427490234,
        0.01939854957163334,
        -0.28694143891334534,
        0.7141315340995789,
        0.5555427074432373
      ],
      "std": [
        0.0716543048620224,
        0.7787450551986694,
        0.1710156798362732,
        0.31406620144844055,
        0.28692686557769775,
        0.3477499186992645,
        0.702837347984314,
        0.33256885409355164
      ],
      "q01": [
        -0.3500740859985352,
        -1.9964827299118042,
        -0.5292963224887848,
        2.020430663013458,
        -1.1837560411930084,
        -0.9167990228891373,
        -0.03564615448415279,
        -0.013129819181561468
      ],
      "q99": [
        0.20276720690727235,
        0.3844821702957155,
        0.26502647820711134,
        3.102083438491821,
        0.665943956899643,
        0.4300779971122741,
        1.927955037674308,
        0.8475122061416507
      ]
    },
    "actions": {
      "mean": [
        0.08022873103618622,
        -0.0554581917822361,
        0.05348117649555206,
        0.9886695146560669,
        0.08088751137256622,
        -0.05320943146944046,
        0.3819013833999634,
        0.006933585740625858
      ],
      "std": [
        0.2596251368522644,
        0.8774287104606628,
        0.2801893353462219,
        3.0562238693237305,
        0.43110713362693787,
        0.41587793827056885,
        1.3248039484024048,
        0.21662384271621704
      ],
      "q01": [
        -0.04486277751922607,
        -4.953607395362854,
        -0.27757803201675424,
        -0.17388629126548766,
        -0.4677104076385499,
        -1.9551793804168702,
        -0.06753240990638731,
        -0.17337813490629198
      ],
      "q99": [
        1.0076130555152893,
        1.792730948448181,
        1.3456328275203702,
        11.394455473995208,
        2.0421644039154048,
        1.1908616254329685,
        6.635574396562577,
        0.8473452394247056
      ]
    }
  }
}