{
  "norm_stats": {
    "state": {
      "mean": [
        -0.006325150839984417,
        -1.124173641204834,
        -0.05900145694613457,
        2.832118034362793,
        -0.034650519490242004,
        -0.04580560326576233,
        -0.003644367912784219,
        0.011335176415741444
      ],
      "std": [
        0.10514286905527115,
        0.5314210653305054,
        0.18809393048286438,
        0.18749745190143585,
        0.37306222319602966,
        0.28736963868141174,
        0.004465875681489706,
        0.00419943081215024
      ],
      "q01": [
        -0.37280807604789734,
        -1.996136234885454,
        -0.5591717416763305,
        2.367692698478699,
        -1.2476565421819688,
        -0.9198952919006348,
        -0.017883852882310747,
        0.004926025390625
      ],
      "q99": [
        0.32983082571029665,
        -0.3059334963500502,
        0.3160972961425781,
        3.1056160259246823,
        0.9659348584890366,
        0.45422889540195444,
        0.005341417587827892,
        0.01540601806640625
      ]
    },
    "actions": {
      "mean": [
        -0.001019112765789032,
        0.0765153169631958,
        -0.008723427541553974,
        -0.02448633499443531,
        -0.0043340721167624,
        -0.010563758201897144,
        4.539370820566546e-6,
        0.011343340389430523
      ],
      "std": [
        0.0173550583422184,
        0.08703403919935226,
        0.03482811525464058,
        0.036495406180620193,
        0.06808842718601227,
        0.06371879577636719,
        0.0005011066677980125,
        0.004199841525405645
      ],
      "q01": [
        -0.07380478024482726,
        -0.0008225800931453697,
        -0.149575838804245,
        -0.15897440962791445,
        -0.2932700706720352,
        -0.23896918001174927,
        -0.000928566933609546,
        0.004926025390625
      ],
      "q99": [
        0.04918868803977966,
        0.36345028869509693,
        0.07152237248420712,
        0.020418998622894258,
        0.18210927286148082,
        0.18526349009275445,
        0.0010248183570802198,
        0.0154088134765625
      ]
    }
  }
}