{
  "norm_stats": {
    "state": {
      "mean": [
        -0.14461512863636017,
        0.5462061762809753,
        0.08480017632246017,
        2.1659586429595947,
        -0.5121591091156006,
        -0.22651341557502747,
        0.7710718512535095,
        0.45004740357398987
      ],
      "std": [
        0.3250234127044678,
        0.4813232719898224,
        0.4026188552379608,
        0.5343126654624939,
        0.5724998712539673,
        0.22275424003601074,
        0.5547913312911987,
        0.25180917978286743
      ],
      "q01": [
        -0.9670955242514611,
        -0.19347418551146983,
        -1.2166042087197304,
        1.1391446986198426,
        -1.6215345700144768,
        -0.6881746587991715,
        -0.030067215351760386,
        -0.20898167190551759
      ],
      "q99": [
        0.493210526406765,
        1.4537842179954052,
        0.8005282420635225,
        2.9321448068618774,
        0.45261390085220343,
        0.325997054362297,
        1.8708603671386839,
        0.7504409233093261
      ]
    },
    "actions": {
      "mean": [
        -0.14472828805446625,
        0.5471835732460022,
        0.08531149476766586,
        2.164623498916626,
        -0.513446569442749,
        -0.22815556824207306,
        0.7717157006263733,
        0.024553261697292328
      ],
      "std": [
        0.32604262232780457,
        0.4808224141597748,
        0.4035760164260864,
        0.5351914167404175,
        0.5728198289871216,
        0.22636175155639648,
        0.5547745227813721,
        0.10781335085630417
      ],
      "q01": [
        -0.9677424521207809,
        -0.19477100915014744,
        -1.2170544208168983,
        1.1337912393808365,
        -1.6419979041814805,
        -0.6896479553639889,
        -0.03130537065267563,
        -0.30000001192092896
      ],
      "q99": [
        0.493352008020878,
        1.4572464324891568,
        0.807048869872093,
        2.930801087808609,
        0.4753848586320877,
        0.3393338393032552,
        1.9076605814754963,
        0.29988001191616065
      ]
    }
  }
}