{
  "norm_stats": {
    "state": {
      "mean": [
        -0.07798789441585541,
        -0.015996253117918968,
        0.24057261645793915,
        -0.0045974841341376305,
        -0.4836218059062958,
        0.033446408808231354,
        0.011410914361476898,
        -0.011410914361476898
      ],
      "std": [
        0.12246514111757278,
        0.0430283285677433,
        0.11483503133058548,
        0.3507190942764282,
        0.3187111020088196,
        0.12195596098899841,
        0.004202870186418295,
        0.004202870186418295
      ],
      "q01": [
        -0.24680703358352185,
        -0.12790294289588927,
        0.012423209386318922,
        -1.01444551050663,
        -1.0841925422847272,
        -0.2962185964107513,
        0.004926025390625,
        -0.015439562988281249
      ],
      "q99": [
        0.18281876961886878,
        0.060058423876762385,
        0.41608102960586546,
        1.2807707931280135,
        0.11313451126217844,
        0.42932349826097493,
        0.0154088134765625,
        -0.004928820800781249
      ]
    },
    "actions": {
      "mean": [
        0.003953572828322649,
        -0.0003931431856472045,
        0.0040892637334764,
        -0.00040234148036688566,
        -0.010198146104812622,
        0.0008507700986228883,
        1.0
      ],
      "std": [
        0.003700137371197343,
        0.0017157818656414747,
        0.004415333736687899,
        0.016228949651122093,
        0.018533989787101746,
        0.007988735102117062,
        0.0
      ],
      "q01": [
        -0.0035670980028808122,
        -0.007162651706859469,
        -0.002220666955783963,
        -0.04691144010424614,
        -0.06365886233747006,
        -0.025408600080758334,
        1.0
      ],
      "q99": [
        0.013746557892300185,
        0.003670021083578468,
        0.017147956048883497,
        0.056001840412616716,
        0.03988413900136947,
        0.02611623360216618,
        1.0
      ]
    }
  }
}